P10	video	581
P1000	record held	43
P1001	applies to jurisdiction	7280
P1002	engine configuration	390
P1003	NLR (Romania) identifier	88
P1004	MusicBrainz place ID	2998
P1005	PTBNP identifier	6926
P1006	NTA identifier (Netherlands)	137772
P1007	Lattes Platform number	10
P101	field of work	10684
P1010	Iran statistics ID	8
P1011	excluding	0
P1012	including	8
P1013	criterion used	8
P1014	AAT identifier	4789
P1015	BIBSYS identifier	7171
P1016	asteroid taxonomy	0
P1017	BAV (Vatican Library) identifier	12949
P1018	language regulatory body	101
P1019	feed URL	63
P102	member of political party	185595
P1021	KldB-2010 occupation code	7
P1022	CNO-11 occupation code	2
P1023	SBC-2010 occupation code	3
P1024	SBFI occupation code	3
P1025	SUDOC editions	225
P1026	doctoral thesis	30
P1027	conferred by	1155
P1028	donated by	138
P1029	crew member	1772
P103	native language	45519
P1030	light characteristic of a lighthouse	50
P1031	legal citation of this text	284
P1032	Digital Rights Management system	24
P1033	GHS signal word	19
P1034	main food source	3
P1035	honorific suffix	8
P1036	Dewey Decimal Classification	3956
P1037	manager/director	879
P1038	relative	2805
P1039	type of kinship	4
P1040	film editor	1716
P1041	sockets supported	7
P1042	ZDB identifier	687
P1043	IDEO Job ID	10
P1044	SWB editions	148
P1045	Sycomore ID	14362
P1046	discovery method	40
P1047	Catholic Hierarchy person ID	15136
P1048	NCL identifier	131
P1049	deity of	409
P105	taxon rank	2004332
P1050	medical condition	4307
P1051	PSH ID	4494
P1052	Portuguese Job Code CPP-2010	4
P1053	ResearcherID	173
P1054	NDL editions	28
P1055	NLM Unique ID	45
P1056	product	938
P1057	chromosome	52149
P1058	ERA Journal ID	22501
P1059	CVR	134
P106	occupation	2085634
P1060	pathogen transmission process	8
P1064	track gauge	5245
P1065	archive URL	63
P1066	student of	5014
P1067	Thailand central administrative unit code	7070
P1068	instruction set	56
P1069	Danemark Job Code (DISCO-08)	4
P1070	PlantList-ID	331673
P1071	location of final assembly	1283
P1072	readable file format	94
P1073	writable file format	52
P1074	fictional analog of	281
P1075	rector	141
P1076	ICTV virus ID	365
P1077	KOATUU identifier	27985
P1078	valvetrain configuration	3
P1079	launch contractor	4
P108	employer	98590
P1080	from fictional universe	11488
P1081	Human Development Index	36
P1082	population	82193
P1083	maximum capacity	11615
P1084	EUL editions	5
P1085	LibraryThing work identifier	87
P1086	atomic number	4655
P1087	Elo rating	2705
P1088	Mohs' hardness	49
P109	signature	5342
P1090	redshift	127
P1092	total produced	3374
P1093	gross tonnage	24
P1096	orbital eccentricity	45
P1097	g-factor	2
P1098	777 (Vegetta), number of speakers	867
P1099	number of masts	15
P110	illustrator	2076
P1100	number of cylinders	151
P1101	floors above ground	281
P1102	flattening	5
P1103	number of platform tracks	4181
P1104	number of pages	714
P1106	sandbox-quantity	1
P1107	proportion	1
P1108	electronegativity	20
P1109	refractive index	14
P111	measured physical quantity	210
P1110	attendance	224
P1111	votes received	0
P1112	Pokédex number	734
P1113	series length	923
P1114	quantity	551
P1115	ATVK ID	683
P1116	ELSTAT geographical code	1494
P1117	pKa	6
P112	founder	9237
P1120	number of deaths	592
P1121	oxidation state	157
P1122	spin quantum number	32
P1123	parity	4
P1124	TEU	3
P1125	Gini coefficient	16
P1126	isospin quantum number	25
P1127	isospin z-component	25
P1128	employees	2373
P1129	national team caps	0
P113	airline hub	2066
P1132	number of participants	882
P1133	DGO4 identifier	344
P1135	nomenclatural status	0
P1136	solved by	4
P1137	fossil found in this unit	19
P1138	Kunstindeks Danmark Artist ID	2077
P1139	floors below ground	41
P114	airline alliance	248
P1140	EHAK id	4878
P1141	number of processor cores	5
P1142	political ideology	6628
P1143	BN (Argentine) editions	6
P1144	LCOC LCCN (bibliographic)	1985
P1145	Lagrangian point	26
P1146	IAAF ID	9810
P1148	neutron number	4501
P1149	Library of Congress Classification	440
P115	home venue	5811
P1150	Regensburg Classification	98
P1151	topic's main Wikimedia portal	1036
P1152	IPTC Media Topic	0
P1153	Scopus Author ID	196
P1154	Scopus EID	1
P1155	Scopus Affiliation ID	2
P1156	Scopus Source ID	12664
P1157	US Congress Bio identifier	12631
P1158	location of landing	141
P1159	CODEN	1163
P1160	ISO 4 abbreviation	3620
P1161	Z39.5 abbreviation	1
P1162	Bluebook abbreviation	1
P1163	Internet media type	212
P1164	cardinality of the group	9
P1165	home world	29
P1167	USB ID	4
P1168	municipality code (Denmark)	98
P117	chemical structure	4930
P1170	transmitted signal	1
P1171	approximation algorithm	1
P1172	Geokod	5
P1174	visitors per year	1139
P118	league	11617
P1181	numeric value	10163
P1182	LIBRIS editions	16
P1183	Gewässerkennzahl	4263
P1184	handle	5197
P1185	Rodovid ID	2011
P1186	MEP directory identifier	3596
P1187	Dharma Drum Buddhist College person ID	2
P1188	Dharma Drum Buddhist College place ID	6
P1189	Chinese Library Classification	7
P119	place of burial	38728
P1190	Universal Decimal Classification	92
P1191	first performance	1495
P1192	connecting service	1535
P1193	prevalence	38
P1194	received signal	1
P1195	file extension	470
P1196	manner of death	9882
P1198	unemployment rate	26
P1199	mode of inheritance	4
P1200	bodies of water basin category	1986
P1201	space tug	368
P1202	carries scientific instrument	18
P1203	Finnish municipality number	5
P1204	Wikimedia portal's main topic	1097
P1207	NUKAT (WarsawU) authorities	15889
P1208	ISMN	1
P1209	CN	29
P121	item operated	3396
P1210	supercharger	2
P1211	fuel system	2
P1212	Atlas ID	1888
P1213	NLC authorities	77
P1214	Riksdagen person-id	311
P1215	apparent magnitude	176
P1216	National Heritage List for England number	53637
P1217	Internet Broadway Database venue ID	38
P1218	Internet Broadway Database production ID	70
P1219	Internet Broadway Database show ID	33
P122	basic form of government	668
P1220	Internet Broadway Database person ID	2057
P1221	compressor type	2
P1222	NARA person ID	4
P1223	NARA organization ID	16
P1224	NARA geographic ID	3
P1225	NARA topical subject ID	1
P1226	NARA specific records type ID	1
P1227	astronomical filter	0
P1229	Openpolis ID	579
P123	publisher	42571
P1230	JSTOR journal code	3
P1231	NARA catalog record ID	2
P1232	Linguist list code	24
P1233	ISFDB author ID	3471
P1234	ISFDB publication ID	5
P1235	ISFDB series ID	57
P1236	Parsons code	43
P1237	Box Office Mojo film ID	996
P1238	Swedish Football Association ID	21
P1239	ISFDB publisher ID	15
P1240	Danish Bibliometric Research Indicator level	13748
P1241	Swiss Football Association Club Number	56
P1242	Theatricalia play ID	1
P1243	International Standard Recording Code	12
P1244	phone number (URL)	0
P1245	OmegaWiki Defined Meaning	561
P1246	patent number	15
P1247	compression ratio	7
P1248	KulturNav-id	1580
P1249	time of earliest written record	244
P1250	Danish Bibliometric Research Indicator (BFI) SNO/CNO	13751
P1251	ABS ASCL code	14
P1252	AUSTLANG code	14
P1253	BCU Ecrivainsvd	339
P1254	Slovenska biografija ID	398
P1255	Helveticarchives ID	46
P1256	Iconclass notation	391
P1257	depicts Iconclass notation	2300
P1258	Rotten Tomatoes identifier	13430
P1259	coordinates of the point of view	21
P126	maintained by	14117
P1260	Cultural heritage database in Sweden	1252
P1261	Rundata	1164
P1262	RAÄ-nummer	5
P1263	NNDB people ID	10748
P1264	valid in period	35
P1265	AlloCiné movie ID	4794
P1266	AlloCiné person ID	16950
P1267	AlloCiné series ID	37
P1268	represents organisation	49
P1269	facet of	11220
P127	owned by	28978
P1270	Norway Database for Statistics on Higher education periodical ID	2
P1271	Norway Database for Statistics on Higher education publisher ID	1
P1272	Norway Import Service and Registration Authority periodical code	2
P1273	CANTIC	22976
P1274	ISFDB title ID	189
P1275	Norway Import Service and Registration Authority publisher code	1
P1276	Dictionnaire du Jura ID	101
P1277	Jufo ID	2
P1278	Legal Entity Identifier	39
P1279	inflation rate	4
P128	regulates (molecular biology)	2
P1280	CONOR identifier	950
P1281	WOEID	22
P1282	OpenStreetMap tag or key	685
P1283	filmography	58
P1284	Munzinger IBA	16195
P1285	Munzinger Sport	1334
P1286	Munzinger Pop identifier	1621
P1287	KDG Komponisten der Gegenwart	744
P1288	KLG Kritisches Lexikon der Gegenwartsliteratur	807
P1289	KLfG Kritisches Lexikon der fremdsprachigen Gegenwartsliteratur	653
P129	physically interacts with	22
P1290	godparent	34
P1291	Association Authors of Switzerland ID	680
P1292	DNB editions	98
P1293	Royal Aero Club Aviator's Certificate ID	61
P1294	WWF ecoregion code	6
P1295	emissivity	1
P1296	Gran Enciclopèdia Catalana ID	11401
P1297	IRS Employer Identification Number	29
P1299	depicted by	99
P1300	bibcode	1
P1301	number of elevators	32
P1302	primary destinations	73
P1303	instrument	25778
P1304	central bank	8
P1305	Skyscraper Center ID	3366
P1307	Swiss parliament identifier	665
P1308	officeholder	197
P1309	EGAXA identifier	849
P131	located in the administrative territorial entity	2564602
P1310	statement disputed by	1
P1311	lostbridges.org ID	38
P1312	has facet polytope	928
P1313	office held by head of government	2238
P1314	number of spans	986
P1315	People Australia identifier	2929
P1316	SMDB ID	189
P1317	floruit	1469
P1318	proved by	44
P1319	earliest date	15
P1320	OpenCorporates ID	664
P1321	place of origin (Switzerland)	1739
P1322	dual to	273
P1323	Terminologia Anatomica 98	3320
P1324	source code repository	436
P1325	external data available at	18
P1326	latest date	6
P1327	professional or sports partner	36
P1329	phone number	153
P1330	MusicBrainz instrument ID	633
P1331	PACE member ID	44
P1332	coordinate of northernmost point	114
P1333	coordinate of southernmost point	112
P1334	coordinate of easternmost point	112
P1335	coordinate of westernmost point	113
P1336	territory claimed by	45
P1338	EPSG ID	11
P1339	number of injured	147
P134	has dialect	270
P1340	eye color	834
P1341	Italian Chamber of Deputies ID	3
P1342	number of seats	182
P1343	described by source	59437
P1344	participant of	158659
P1345	number of victims	7
P1346	winner	6824
P1347	military casualty classification	113
P1348	AlgaeBase URL	96
P1349	ploidy	3
P135	movement	14529
P1350	number of matches played	19
P1351	number of points/goals scored	6
P1352	ranking	1775
P1353	original spelling	2
P1354	shown with features	0
P1355	wins	0
P1356	losses	0
P1357	matches/games drawn/tied	0
P1358	points for	0
P1359	number of points/goals conceded	1
P136	genre	253676
P1360	Monte Carlo Particle Number	61
P1362	Theaterlexikon der Schweiz online ID	990
P1363	points/goal scored by	105
P1364	ITTF ID	193
P1365	replaces	1867
P1366	replaced by	1869
P1367	BBC Your Paintings artist identifier	8856
P1368	LNB identifier	2564
P1369	Iranian National Heritage registration number	21357
P137	operator	39905
P1370	IHSI ID	28
P1371	ASI Monument ID	315
P1372	binding of software library	22
P1373	daily ridership	6
P1375	NSK identifier	1685
P1376	capital of	28101
P1377	MTR station code	10
P1378	China railway TMIS station code	1
P138	named after	48397
P1380	uglybridges.com ID	6
P1381	bridgehunter.com ID	5
P1382	coincident with	734
P1383	contains settlement	19324
P1385	Enciclopédia Açoriana ID	30
P1386	Japanese High School Code	4
P1387	political alignment	98
P1388	German regional key	41
P1389	product certification	2654
P1390	match time of score (minutes)	0
P1391	Index Fungorum ID	57120
P1392	ComicBookDB ID	13
P1393	proxy	11
P1394	Glottolog code	135
P1395	National Cancer Institute ID	15
P1396	Linguasphere code	41
P1397	State Catalogue of Geographical Names identifier (Russia)	5
P1398	replaced by structure, structure replaces	13
P1399	convicted of	2922
P14	highway marker	4392
P140	religion	32866
P1400	FCC Facility ID	4
P1401	bug tracking system	198
P1402	Foundational Model of Anatomy ID	3234
P1403	original combination	314
P1404	World Glacier Inventory ID	14
P1406	script directionality	8
P1407	MusicBrainz series ID	416
P1408	licensed to broadcast to	5204
P1409	Cycling Archives Cyclist ID	350
P141	IUCN conservation status	75625
P1410	number of seats of the organization in legislature	17
P1411	nominated for	2581
P1412	languages spoken or written	191677
P1413	SFDb ID (OBSOLETE), Swedish Film Database id (OBSOLETE)	51
P1414	GUI toolkit or framework	166
P1415	Oxford Biography Index Number	58134
P1416	affiliation	2727
P1417	Encyclopædia Britannica Online ID	269
P1418	orbits completed	253
P1419	shape	147
P1420	taxon synonym	642
P1421	GRIN URL	57095
P1422	Sandrart.net person ID	3331
P1423	template's main topic	438
P1424	topic's main template	246
P1425	ecoregion (WWF)	1
P1427	journey origin	949
P1428	Lost Art-ID	4
P1429	pet	18
P143	imported from	892
P1430	OpenPlaques subject identifier	4383
P1431	executive producer	371
P1432	b-side	6
P1433	published in	52704
P1434	describes the fictional universe	509
P1435	heritage status	266723
P1436	collection or exhibition size	20
P1437	plea	0
P1438	Jewish Encyclopedia ID (Russian)	1361
P1439	Norsk filmografi ID	627
P144	based on	9153
P1440	Fide ID	2826
P1441	present in work	12680
P1442	image of grave	7589
P1443	score method	0
P1444	journey destination	931
P1445	fictional universe described in	530
P1446	number of missing	8
P1447	Sports Reference ID	38114
P1448	official name	745145
P1449	nickname	1423
P1450	Sandbox Monolingual text	0
P1451	motto text	1331
P1453	catholic.ru identifier	2
P1454	legal form	6914
P1455	list of works	61
P1456	list of monuments	6610
P1457	absolute magnitude	6
P1458	color index	6
P1459	Cadw Building ID	2755
P1460	NIEA building ID	802
P1461	Patientplus ID	773
P1462	standards body	539
P1463	PRDL Author ID	415
P1464	category for people born here	16703
P1465	category for people who died here	8407
P1466	WALS lect code	4
P1467	WALS genus code	2
P1468	WALS family code	1
P1469	FIFA player code	10805
P1470	maximum glide ratio	8
P1471	reporting mark	42
P1472	Commons Creator page	16841
P1473	Nupill Literatura Digital - Author	235
P1474	Nupill Literatura Digital - Document	8
P1476	title	41702
P1477	birth name	11726
P1478	has immediate cause	53
P1479	has contributing factor	29
P1480	sourcing circumstances	0
P1481	vici.org ID	34
P1482	Stack Exchange tag	1819
P1483	kulturnoe-nasledie.ru ID	1535
P149	architectural style	20643
P15	road map	3372
P150	contains administrative territorial entity	870199
P1529	Glad identifier	131
P1531	parent(s) of this hybrid	166
P1532	country for sport	333
P1533	family name identical to this first name	682
P1534	end cause	1
P1535	used by	101
P1536	immediate cause of	4
P1537	contributing factor of	4
P1538	number of households	25
P1539	female population	9
P154	logo image	10729
P1540	male population	9
P1541	Cycling Quotient identifier	232
P1542	cause of	959
P1543	monogram	14
P1544	Federal Register Document Number	1
P1545	series ordinal	962
P1546	motto	24
P1547	depends on	49
P1548	maximum Strahler number	61
P1549	demonym	659
P155	follows	210167
P1550	Orphanet ID	24
P1551	Exceptional heritage of Wallonia identifier	68
P1552	has quality	89
P1553	Yandex.Music ID	196
P1554	UBERON ID	448
P1555	Executive Order number	36
P1556	author ID	570
P1557	manifestation of	27
P1558	tempo marking	23
P1559	name in native language	3313
P156	followed by	209412
P1560	given name version for other gender	641
P1561	number of survivors	49
P1562	AllMovie movie ID	24385
P1563	MacTutor id (biographies)	2346
P1564	At the Circulating Library ID	2
P1565	Enciclopedia de la Literatura en México ID	332
P1566	GeoNames ID	639510
P1567	NIS/INS code	628
P1568	domain	11
P1569	number of edges	12
P157	killed by	438
P1570	number of vertices	9
P1571	codomain	22
P1573	BBC Genome identifier	9
P1574	exemplar of	107
P1575	RISS catalog	4
P1576	lifestyle	592
P1577	Gregory–Aland–Number	1776
P1578	Gmelin number	9
P1579	Beilstein Registry Number	309
P158	seal image	2236
P1580	University of Barcelona authority ID	2
P1581	official blog	89
P1582	natural product of taxon	164
P1583	MalaCards ID	1
P1584	Pleiades identifier	934
P1585	Brazilian municipality code	46
P1586	Catalan object of cultural interest ID	915
P1587	Slovene Cultural Heritage Register ID	1550
P1588	Desa code of Indonesia	46643
P1589	deepest point	10
P159	headquarters location	52987
P1590	number of casualties	14
P1591	defendant	6
P1592	prosecutor	7
P1593	defender	1
P1594	judge	9
P1595	charge	5
P1596	penalty	260
P1598	consecrator	123
P1599	Cambridge Alumni Database ID	3453
P16	highway system	19022
P1600	code Inventari del Patrimoni Arquitectònic de Catalunya	9735
P1601	Esperantist ID	140
P1602	BBC Your Paintings venue identifier	8
P1603	number of cases	8
P1604	biosafety level	1
P1605	has natural reservoir	2
P1606	natural reservoir of	1
P1607	Dialnet author ID	45
P1608	Dialnet book	1
P1609	Dialnet journal	1
P161	cast member	604244
P1610	Dialnet article	2
P1611	NATO code for grade	35
P1612	Commons Institution page	2519
P1613	IRC channel	121
P1614	History of Parliament ID	5094
P1615	CLARA-ID	3468
P1616	SIREN number	44
P1617	BBC Things identifer	22
P1618	sport number	159
P1619	date of official opening	6593
P162	producer	45156
P1620	plaintiff	5
P1621	detail map	84
P1622	drives on the	12
P1624	MarineTraffic Port ID	3
P1625	has melody	2
P1626	Thai cultural heritage ID	52
P1627	Ethnologue.com code	197
P1628	equivalent property	43
P1629	subject item of this property	854
P163	flag	2046
P1630	formatter URL	650
P1631	China Vitae ID	507
P1632	Hermann–Mauguin notation	25
P1635	religious name	47
P1636	date of baptism in early childhood	403
P1637	undercarriage	88
P1638	working title	15
P1639	pendant of	242
P1640	curator	15
P1641	port	110
P1642	acquisition transaction	0
P1643	departure transaction	0
P1644	EgliseInfo ID	5118
P1645	NIST/CODATA ID	2
P1646	mandatory qualifier	65
P1647	subproperty of	100
P1648	Dictionary of Welsh Biography ID	4179
P1649	KMDb person ID	68
P1650	BBF identifier	410
P1651	YouTube video identifier	394
P1652	referee	132
P1653	TERYT municipality code	2
P1654	wing configuration	530
P1655	station number	2
P1656	unveiled by	12
P1657	MPAA film rating	33
P1658	number of faces	3
P1659	see also	541
P166	award received	309788
P1660	has index case	1
P1661	Alexa rank	5
P1662	DOI Prefix	35
P1663	ProCyclingStats ID	283
P1664	Cycling Database ID	11
P1665	Chess Games ID	1664
P1666	Chess Club ID	38
P1667	TGN identifier	2372
P1668	ATCvet	7
P1669	CONA  identifier	80
P167	structure replaced by	73
P1670	LAC identifier	1337
P1671	route number	74
P1672	this taxon is source of	151
P1673	general formula	7
P1674	number confirmed	3
P1675	number probable	0
P1676	number suspected	0
P1677	index case of	1
P1678	has vertex figure	5
P1679	BBC Your Paintings artwork identifier	27
P1680	subtitle	1480
P1683	quote	8
P1684	inscription	153
P1685	Pokémon browser number	1010
P1686	for work	0
P1687	Wikidata property	442
P1688	AniDB identifier	1
P1689	central government debt as a percent of GDP	1
P169	chief executive officer	436
P1690	ICD-10-PCS	2
P1691	operations and procedures key (OPS)	2
P1692	ICD-9-CM	35
P1693	Terminologia Embryologica (TE)	28
P1694	Terminologia Histologica (TH)	113
P1695	NLP identifier	5926
P1696	inverse of	67
P1697	total valid votes	32
P1699	SkyscraperPage building id	46
P17	country	3539156
P170	creator	109636
P1700	SIPA identifier	6
P1702	IGESPAR identifier	2
P1703	pollination	2
P1704	pollenizer	1
P1705	native label	9243
P1706	together with	0
P1707	DAAO identifier	2
P1708	LfDS object ID	6
P1709	equivalent class	327
P171	parent taxon	2004735
P1710	Sächsische Biografie	881
P1711	British Museum person-institution	12712
P1712	Metacritic ID	1618
P1713	biography at the Bundestag of Germany	2243
P1714	Journalisted ID	241
P1715	RKD/ESD identifier (Slovenia)	6
P1716	brand	172
P1717	SANDRE ID	1673
P172	ethnic group	11042
P1721	pinyin transliteration	0
P1725	beats per minute	91
P1726	Florentine musea Inventario 1890  ID	16
P1727	Flora of North America taxon ID	12358
P1728	AllMusic artist ID	20370
P1729	AllMusic album ID	10799
P1730	AllMusic song ID	237
P1731	Fach	296
P1732	Naturbase ID	564
P1733	Steam ID	257
P1734	oath of office date	0
P1735	Comedien.ch identifier	43
P1736	Information Center for Israeli Art artist identifier	1
P1738	Merck Index monograph	1
P1739	CiNii book identifer	1
P1740	category for films shot at this location	1190
P1741	GTAA id	5339
P1743	Bradley and Fletcher checklist number	2
P1744	Agassiz et al checklist number	2
P1745	VASCAN ID	9060
P1746	ZooBank nomenclatural act	24504
P1747	Flora of China ID	34983
P1748	NCI Thesaurus ID	4470
P1749	Parlement & Politiek ID	3483
P175	performer	147421
P1750	name day	1292
P1751	BBC Your Paintings collection identifier	1
P1752	scale	22
P1753	list related to category	375
P1754	category related to list	374
P1755	Aviation Safety Network accident description ID	77
P176	manufacturer	24010
P1760	Aviation Safety Network Wikibase Occurrence	8
P1761	Watson & Dallwitz family ID	543
P1762	Hornbostel-Sachs classification	315
P1763	National Pipe Organ Register identifier	2
P1764	Flemish organization for Immovable Heritage relict ID	168
P1766	place name sign	358
P1769	denkXweb identifier	254
P177	crosses	3301
P1770	Romania LMI code	1139
P1771	Integrated Postsecondary Education Data System identifier	3454
P1772	USDA PLANTS ID	33683
P1773	attributed to	14
P1774	workshop of	1
P1775	follower of	4
P1776	circle of	1
P1777	manner of	0
P1778	forgery after	0
P1779	possible creator	4
P178	developer	16311
P1780	school of	0
P1782	courtesy name	13
P1785	temple name	2
P1786	posthumous name	9
P1787	art-name	26
P1788	DVN identifier	1388
P1789	chief operating officer	9
P179	series	35826
P1790	BioStor author identifier	9
P1791	category of people buried here	260
P1792	category of associated people	6537
P1793	format as a regular expression	332
P1794	bureau du patrimoine de Seine-Saint-Denis ID	30
P1795	Smithsonian American Art Museum: person/institution thesaurus id	2722
P1796	International Standard Industrial Classification code	38
P1798	ISO 639-5 code	112
P1799	Maltese Islands National Inventory of Cultural Property identifier	118
P18	image	980362
P180	depicts	80529
P1800	Wikimedia database name	338
P1801	commemorative plaque image	2063
P1802	EMLO person identifier	4343
P1803	Masaryk University person ID	3
P1804	Danish National Filmography ID	17568
P1805	World Health Organisation International Nonproprietary Name	1621
P1806	ABoK number	6
P1807	Great Aragonese Encyclopedia ID	293
P1808	senat.fr ID	4674
P1809	choreographer	124
P181	taxon range map image	6350
P1810	named as	6
P1811	list of episodes	282
P1813	short name	4014
P1814	name in kana	822
P1815	RSL scanned book's identifier	60
P1816	National Portrait Gallery (London) person identifier	19451
P1817	addressee	28
P1818	KH	469
P1819	genealogics.org person ID	5102
P1820	Open Food Facts food additive slug	16
P1821	Open Food Facts food category slug	7
P1822	DSH object ID	2
P1823	BAnQ ID	6
P1824	road number	1894
P1825	Baseball-Reference.com major league player ID	8
P1826	Baseball-Reference.com minor league player ID	8
P1827	ISWC	28
P1828	IPI number	23
P1829	Roud Folk Song Index	1
P183	endemic to	1706
P1830	owner of	113
P1831	electorate	28
P1832	GrassBase ID	11118
P1833	number of registered users/contributors	9
P1836	draft pick number	0
P1837	Gaoloumi ID	4
P1838	PSS-archi ID	242
P1839	US Federal Election Commission identifier	57
P184	doctoral advisor	4139
P1840	investigated by	38
P1841	Swedish district code	20
P1842	Global Anabaptist Mennonite Encyclopedia Online identifier	1506
P1843	taxon common name	3283
P1844	HathiTrust id	14
P1845	anti-virus alias	29
P1846	distribution map	306
P1847	Nasjonalbiblioteket photographer ID	18
P1848	INPN Code	373
P1849	SSR WrittenForm ID	0
P185	doctoral student	902
P1850	SSR Name ID	5
P1851	input set	9
P1852	Perry Index	54
P1853	blood type	49
P1854	Kiev street code	399
P1855	Wikidata property example	857
P1856	Wikidata example media file	0
P1858	Wikidata example string	0
P1859	Wikidata example property with item datatype	0
P186	material used	88967
P1860	Wikidata example URL	0
P1861	Wikidata example time	0
P1862	Wikidata example quantity	0
P1863	Wikidata example property, Wikidata example property value	2
P1864	Wikidata example monolingual text	0
P1865	Wikidata example geographic coordinates	0
P1866	Catholic Hierarchy diocese ID	6039
P1867	eligible voters	47
P1868	ballots cast	40
P1869	Hall of Valor ID	6
P1870	Name Assigning Authority Number	1
P1871	CERL ID	56
P1872	minimum number of players	39
P1873	maximum number of players	28
P1874	Netflix identifier	168
P1875	represented by	49
P1876	spacecraft	290
P1877	after a work by	4
P1878	Vox-ATypI classification	1
P1879	income classification (Philippines)	26
P1880	measured by	58
P1881	list of characters	69
P1882	Web Gallery of Art identifier	3894
P1883	Declarator.org ID	997
P1884	hair color	1334
P1885	cathedral	1185
P1886	Smithsonian volcano identifier	486
P1887	vice-county	1
P1888	Dictionary of Medieval Names from European Sources entry	264
P1889	different from	1808
P189	location of discovery	384
P1890	BNC identifier	142
P1891	signatory	306
P1893	OpenPlaques plaque identifier	1
P1894	Danish urban area code	2024
P1895	Fauna Europaea ID	115980
P1896	source website for the property	139
P1897	highest note	0
P1898	lowest note	0
P1899	Librivox author ID	30
P19	place of birth	867131
P190	sister city	39143
P1900	EAGLE id	410
P1901	BALaT person/organisation id	2
P1902	Spotify artist ID	1862
P1903	volcanic explosivity index	11
P1905	FundRef registry name	1
P1906	office held by head of state	28
P1907	Australian Dictionary of Biography identifier	5849
P1908	Commonwealth War Graves Commission person identifier	3
P1909	side effect	1
P1910	decreased expression in	4
P1911	increased expression in	1
P1912	deletion association with	1
P1913	gene duplication association with	1
P1914	gene insertion association with	1
P1915	gene inversion association with	1
P1916	gene substitution association with	1
P1917	posttranslational modification association with	1
P1918	altered regulation leads to	1
P1919	Ministry of Education of Chile school ID	15
P1920	Commonwealth War Graves Commission burial ground identifier	6
P1921	URI pattern for RDF resource	29
P1922	first line	228
P1923	participating team	1444
P1924	vaccine for	12
P1925	VIOLIN ID	4
P1928	Vaccine Ontology ID	5
P1929	Clinvar Accession Number	1
P193	main building contractor	682
P1930	DSM V	1
P1931	NPG ID	720
P1932	stated as	1
P1933	MobyGames ID	293
P1934	Animator.ru film ID	1140
P1935	DBCS ID	303
P1936	Digital Atlas of the Roman Empire ID	6216
P1937	UN/LOCODE	4
P1938	Project Gutenberg author ID	8241
P1939	Dyntaxa ID	72170
P194	legislative body	1120
P1940	conifers.org ID	401
P1942	McCune-Reischauer romanization	2
P1943	location map	33
P1944	relief location map	21
P1945	street key	0
P1946	National Library of Ireland authority	3629
P1947	Mapillary ID	1
P1948	BerlPap identifier	6
P1949	CulturaItalia ID	322
P195	collection	110608
P1950	second surname in Spanish name	82
P1951	investor	85
P1952	Encyclopaedia Metallum band ID	2159
P1953	Discogs artist ID	64542
P1954	Discogs master ID	37928
P1955	Discogs label ID	25
P1956	takeoff and landing capability	3
P1957	Wikisource index page	66
P1958	Trismegistos Geo ID	132
P1959	Dutch Senate person ID	1181
P196	minor planet group	90392
P1960	Google Scholar ID	67
P1961	identifier of Comité des travaux historiques et scientifiques	3
P1962	patron	62
P1963	properties for this type	250
P1966	Biblioteca Nacional de Chile catalogue number	7
P1967	BoxRec ID	1054
P1968	Foursquare venue ID	4
P1969	MovieMeter director ID	6615
P197	adjacent station	27965
P1970	MovieMeter movie ID	6820
P1971	number of children	6227
P1972	Open Hub ID	19
P1973	RSL editions	76
P1976	INEGI locality identifier	35
P1977	lesarchivesduspectacle ID	8
P1978	USDA NDB number	134
P1979	Righteous Among The Nations ID	5
P1980	PolSys ID	60
P1981	FSK film rating	59
P1982	Anime News Network person ID	307
P1983	Anime News Network company ID	7
P1984	Anime News Network manga ID	5
P1985	Anime News Network anime ID	11
P1986	Dizionario Biografico degli Italiani	8182
P1987	MCN code	93
P1988	Delarge ID	8
P1989	Encyclopaedia Metallum artist ID	385
P199	business division	491
P1990	species kept	2866
P1991	LPSN URL	8
P1992	Plazi ID	31386
P1993	TeX string	70
P1994	AllMusic composition ID	1279
P1995	medical specialty	3836
P1996	parliament.uk ID	1526
P1997	Facebook Places ID	8
P1998	UCI code	892
P1999	UNESCO language status	12
P20	place of death	382434
P200	lake inflows	495
P2000	CPDL ID	7
P2001	Revised Romanisation	1
P2002	Twitter username	29157
P2003	Instagram username	2986
P2004	NALT id	2
P2005	Catalogus Professorum Halensis	1056
P2006	ZooBank author ID	177
P2007	ZooBank publication ID	17
P2008	IPNI publication ID	6
P2009	Exif model	208
P201	lake outflow	556
P2010	Exif make	207
P2011	Cooper-Hewitt Person ID	174
P2012	cuisine	345
P2013	Facebook ID	7546
P2014	MoMA artwork id	2714
P2015	Hansard ID	6916
P2016	Catalogus Professorum Academiae Groninganae id	327
P2017	isomeric SMILES	5
P2018	Teuchos ID	2260
P2019	AllMovie artist ID	6298
P2020	worldfootball.net ID	16004
P2021	Erdős number	2144
P2024	German cattle breed ID	61
P2025	Find A Grave cemetery ID	215
P2026	Avibase ID	31
P2027	Colour Index International constitution ID	2
P2028	United States Armed Forces service number	4
P2029	Dictionary of Ulster Biography ID	831
P2030	NASA biographical ID	302
P2031	work period (start)	117
P2032	work period (end)	102
P2033	Category for pictures taken with camera	837
P2034	Project Gutenberg ebook ID	14
P2035	LinkedIn personal profile	131
P2036	African Plant Database	46563
P2037	GitHub username	14
P2038	ResearchGate ID	15
P2040	CITES Species+ ID	18078
P2041	National Gallery of Victoria artist identifier	2116
P2042	Artsy artist	2740
P2043	length	19819
P2044	elevation above sea level	129573
P2045	orbital inclination	1664
P2046	area	5337
P2047	running time	491
P2048	height	664
P2049	width	6219
P205	basin country	169
P2050	wingspan	39
P2051	M sin i	1
P2052	speed	162
P2053	watershed area	11
P2054	density	556
P2055	electrical conductivity	1
P2056	heat capacity	1
P2057	HMDB ID	3
P2058	depositor	75
P206	located next to body of water	1880
P2060	luminosity	1
P2061	aspect ratio	111
P2062	HSDB ID	2
P2063	LIPID MAPS ID	3
P2064	KNApSAcK ID	3
P2065	NIAID ChemDB ID	2
P2066	fusion enthalpy	1
P2067	mass (weight)	109
P2068	thermal conductivity	2
P2069	magnetic moment	1
P207	bathymetry image	6
P2070	Fellow of the Royal Society	387
P2071	Mémoire des hommes	1
P2072	CDB Chemical ID	2
P2073	range	34
P2074	internetmedicin.se ID	58
P2075	speed of sound	61
P2076	temperature	2
P2077	pressure	0
P2078	user manual link	6
P2079	fabrication method	26
P208	executive body	84
P2080	AcademiaNet	1818
P2081	BLDAM object ID	3
P2082	M.49 code	37
P2083	Leadscope ID	3
P2084	ZINC ID	3
P2085	Nikkaji	1
P2086	CDD Public ID	1
P2087	CrunchBase person ID	5
P2088	CrunchBase organisation ID	3
P2089	Library of Congress JukeBox ID	164
P209	highest judicial authority	58
P2090	Power of 10 athlete ID	55
P2091	FISA ID	5514
P2092	Bildindex der Kunst und Architektur ID	13
P2093	short author name	71350
P2094	competition class, qualifies for	24
P2095	co-driver	8
P2096	image legend	0
P2097	term length of office	16
P2098	substitute/deputy/replacement of office/officeholder	50
P2099	BC Geographical Names ID	12
P21	sex or gender	2781012
P210	party chief representative	31
P2100	Banque de noms de lieux du Québec id	18
P2101	melting point	10
P2102	boiling point	7
P2103	size of team at start	7
P2105	size of team at finish	3
P2106	RXNO Ontology	1
P2107	decomposition point	2
P2108	Kunstindex Danmark artwork ID	152
P2109	power output	9
P2112	wing area	8
P2113	sublimation temperature	1
P2114	half-life	240
P2115	NDF-RT ID	1409
P2116	enthalpy of vaporization	2
P2117	combustion enthalpy	1
P2118	kinematic viscosity	1
P2119	vapor pressure	5
P212	ISBN-13	9122
P2120	radius	7
P2121	prize money	17
P2123	YerelNet village ID	1
P2124	membership	26
P2125	Revised Hepburn romanization	77
P2126	Georgian national system of romanization	0
P2127	International Nuclear Event Scale	9
P2128	flash point	6
P2129	IDLH	3
P213	ISNI	270481
P2130	cost	6
P2131	nominal gross domestic product	1
P2132	GDP per capita	2
P2133	total debt	0
P2134	total reserves	0
P2135	total exports	0
P2136	total imports	0
P2137	total equity	0
P2138	total liabilities	0
P2139	total revenue	0
P214	VIAF identifier	929988
P2140	foreign direct investment, net outflows	0
P2141	foreign direct investment, net inflows	0
P2142	box office	1
P2143	genome size	0
P2144	frequency	10
P2145	explosive energy equivalent	0
P2146	orbital period	3
P2147	rotation period	2
P2148	distance from river mouth	0
P2149	clock speed	0
P215	spectral class	7844
P2150	FSB speed	1
P2151	focal length	3
P2152	antiparticle	37
P2153	PubChem Substance ID	2
P2154	binding energy	1
P2155	Solid solution series with	46
P2156	Pseudo crystal habit	0
P2157	lithography	15
P2158	Cell line ontology ID	1
P2159	solves	10
P2160	mass excess	0
P2161	Guthrie code	56
P2162	Deutsche Ultramarathon-Vereinigung ID	153
P2163	FAST-ID	64
P2164	SIGIC (person)	3
P2165	SIGIC (group)	1
P2166	SIGIC (institution)	1
P2167	United Nations Standard Products and Services Code	1
P2168	Swedish Film Database person ID	5689
P2169	PublicWhip identifier	0
P217	inventory number	97977
P2170	Hansard (currents session) identifier	0
P2171	They Work for You identifier	0
P2172	Parliamentary record identifier	0
P2173	BBC News Democracy Live identifier	1
P2174	MoMA artist id	4128
P2175	medical condition treated	4
P2176	drug used for treatment	4
P2177	solubility	2
P2178	solvent	0
P2179	ACM Classification Code (2012)	1
P218	ISO 639-1 code	186
P2180	Kansallisbiografia ID	102
P2181	Finnish MP ID	29
P2182	Finnish Ministers database ID	557
P2183	ISO 9:1995	2
P2184	history of topic	208
P2185	DLI identifier	0
P2186	Wiki Loves Monuments ID	6
P2187	BiblioNet publication identifier	8
P2188	BiblioNet author identifier	264
P2189	BiblioNet publisher identifier	4
P219	ISO 639-2 code	501
P2190	C-SPAN identifier of a person	1
P2191	NILF author id	1192
P2192	endangeredlanguages.com ID	2
P2193	Soccerbase player id	18
P2194	PSS-Archi architect id	17
P2195	Soccerbase manager id	119
P2196	students count	20
P2197	production rate	0
P2198	average gradient	1
P2199	autoignition temperature	0
P22	father	57534
P220	ISO 639-3 code	6814
P2200	electric charge	1
P2201	dipole moment	0
P2202	lower flammable limit	5
P2203	upper flammable limit	5
P2204	minimum explosive concentration	0
P2205	Spotify album ID	4
P2206	Discogs release ID	15
P2207	Spotify track ID	5
P2208	average shot length	3
P2209	SourceForge project	2
P221	ISO 639-6 code	8
P2210	relative to	0
P2211	position angle	0
P2212	angular distance	0
P2213	longitude of ascending node	2
P2214	parallax	0
P2215	proper motion	0
P2216	radial velocity	2
P2217	cruise speed	0
P2218	net worth	0
P2219	real gross domestic product growth rate	0
P2220	household wealth	0
P2221	flux	0
P2222	gyromagnetic ratio	1
P2223	decay width	1
P2224	spectral line	0
P2225	discharge	3
P2226	market capitalization	0
P2227	metallicity	1
P2228	maximum thrust	1
P2229	Max TDP	0
P223	galaxy morphological type	2393
P2230	torque	0
P2231	explosive velocity	1
P2232	cash	0
P2233	semi-major axis	7
P2234	volume for quantity	34
P2235	external superproperty	2
P2236	external subproperty	0
P2237	units used for this property	106
P2238	official symbol	14
P2239	first aid measures	2528
P2240	median lethal dose	2
P2241	reason for deprecation	0
P2242	Florentine musea catalogue ID	1
P2243	apoapsis	5
P2244	periapsis	4
P2248	argument of periapsis	2
P2249	Refseq Genome ID	1
P225	taxon name	2006280
P2250	life expectancy	4
P2252	NGA artist id	3944
P2253	DfE URN	3588
P2254	maximum operating altitude	3
P2255	Debrett's People of Today ID	6
P2257	frequency of event	9
P2258	mobile country code	5
P2259	ITU-T network identifier	3
P2260	ionization energy	1
P227	GND identifier	387171
P229	IATA airline designator	2062
P230	ICAO airline designator	2451
P231	CAS registry number	19432
P232	EINECS number	3624
P233	canonical SMILES	16624
P234	InChI	14302
P235	InChIKey	15216
P236	ISSN	44578
P237	coat of arms	2152
P238	IATA airport code	6976
P239	ICAO airport code	7904
P240	FAA airport code	2042
P241	military branch	28804
P242	locator map image	54255
P243	OCLC control number	25417
P244	LCAuth identifier	290652
P245	ULAN identifier	45701
P246	element symbol	153
P247	COSPAR ID	5343
P248	stated in	123
P249	ticker symbol	64
P25	mother	21365
P26	spouse	48500
P263	official residence	321
P264	record label	111908
P267	ATC code	1974
P268	BnF identifier	343005
P269	SUDOC authorities	318258
P27	country of citizenship	1739080
P270	CALIS	163
P271	CiNii author identifier	2941
P272	production company	30400
P274	chemical formula	22360
P275	license	4468
P276	location	301691
P277	programming language	2459
P278	GOST 7.75-97 code	87
P279	subclass of	446177
P281	postal code	648027
P282	writing system	952
P286	head coach	2730
P287	designer	4655
P289	vessel class	5464
P291	place of publication	2717
P296	station code	1939
P297	ISO 3166-1 alpha-2 code	250
P298	ISO 3166-1 alpha-3 code	250
P299	ISO 3166-1 numeric code	250
P30	continent	24080
P300	ISO 3166-2 code	4900
P301	category's main topic	411627
P303	EE breed number	250
P304	page	13207
P305	IETF language tag	2725
P306	operating system	1795
P31	instance of	14654756
P344	director of photography	28501
P345	IMDb identifier	320331
P347	Joconde ID	2821
P348	software version	3230
P349	NDL identifier	53305
P35	head of state	580
P350	RKDimages	1402
P351	Entrez Gene ID	134585
P352	UniProt ID	30618
P353	gene symbol	61454
P354	HGNC ID	39227
P355	subsidiaries	2720
P356	DOI	12977
P357	"(OBSOLETE) title (use P1476, \""title\"")"	36188
P358	discography	3255
P359	Rijksmonument identifier	66892
P36	capital	28238
P360	is a list of	165028
P361	part of	141415
P364	original language of work	176829
P366	use	17869
P367	astronomic symbol image	30
P368	Sandbox-CommonsMediaFile	0
P369	Sandbox-Item	2
P37	official language	3384
P370	Sandbox-String	10
P371	presenter	1921
P373	Commons category	1134190
P374	INSEE municipality code	36797
P375	space launch vehicle	5316
P376	located on astronomical body	3727
P377	SCN	5334
P38	currency	1035
P380	Mérimée identifier	19733
P381	PCP reference number	2548
P382	CBS municipality code	399
P387	(OBSOLETE) quote (use P1683)	1
P39	position held	269988
P393	edition number	1544
P395	licence plate code	9910
P396	SBN identifier	14275
P397	astronomical body	1046
P398	child astronomical body	1005
P399	companion of	34
P40	child	79630
P400	platform	38566
P402	OpenStreetMap Relation identifier	15850
P403	mouth of the watercourse	32698
P404	game mode	23759
P405	taxon author	0
P406	soundtrack album	263
P407	language of work (or name)	214332
P408	software engine	2338
P409	NLA (Australia) identifier	19520
P41	flag image	22791
P410	military rank	7158
P411	canonization status	3639
P412	voice type	8992
P413	position played on team / speciality	26742
P414	stock exchange	4923
P415	radio format	289
P416	quantity symbol	46
P417	patron saint	1615
P418	seal description	16
P421	located in time zone	43803
P423	shooting handedness	26
P424	Wikimedia language code	616
P425	field of this profession	1547
P426	aircraft registration	100
P427	taxonomic type	540
P428	botanist author abbreviation	9431
P429	dantai code	1965
P43	stepfather	94
P432	callsign of airline	2326
P433	issue	13685
P434	MusicBrainz artist ID	121209
P435	MusicBrainz work ID	18460
P436	MusicBrainz release group ID	85648
P437	distribution	10678
P438	(OBSOLETE) inscription (use P1684)	690
P439	German municipality key	11227
P44	stepmother	42
P440	German district key	304
P442	China administrative division code	742241
P443	pronunciation audio	3220
P444	review score	262
P447	score by	5
P448	location of spacecraft launch	5431
P449	original network	11014
P450	astronaut mission	1619
P451	cohabitant	2174
P452	industry	8185
P453	character role	241
P454	Structurae ID (structure)	5167
P455	Emporis ID	421
P457	foundational text	96
P458	IMO ship number	1852
P459	determination method	16
P460	said to be the same as	29962
P461	opposite of	2719
P462	color	1072
P463	member of	125504
P464	NOR	32
P465	sRGB color hex triplet	137
P466	occupant	10055
P467	legislated by	199
P468	dan/kyu rank	32
P469	lakes on river	963
P47	shares border with	207136
P470	Eight Banner register	893
P473	local dialing code	40867
P474	country calling code	273
P476	CELEX number	12
P477	Canadian Register of Historic Places identifier	1531
P478	volume	13331
P479	input device	4760
P480	FilmAffinity identifier	3558
P481	Palissy identifier	155
P483	recorded at	174
P484	IMA Number, broad sense	3764
P485	archives at	614
P486	MeSH ID	4437
P487	Unicode character	2306
P488	chairperson	3063
P489	currency symbol description	8
P490	provisional designation	120099
P491	orbit diagram	8
P492	OMIM ID	5608
P493	ICD-9	6764
P494	ICD-10	8690
P495	country of origin	137340
P496	ORCID	726
P497	CBDB ID	145
P498	ISO 4217 code	195
P50	author	106398
P500	exclave of	99
P501	enclave within	167
P502	HURDAT identifier	5
P503	ISO standard	106
P504	home port	138
P505	general manager	598
P506	ISO 15924 alpha-4 or numeric code	88
P507	Swedish county code	25
P508	PIJAS	9074
P509	cause of death	25775
P51	audio	1000
P511	honorific prefix	148
P512	academic degree	22599
P513	(OBSOLETE) birth name (use P1477)	2170
P514	interleaves with	28
P515	phase of matter	5
P516	powerplant	1943
P517	interaction	62
P518	applies to part	40
P520	armament	2416
P521	scheduled service destination	86
P522	type of orbit	345
P523	temporal range start	69
P524	temporal range end	64
P525	Swedish municipality code	402
P527	has part	70916
P528	catalog code	100905
P529	runway	390
P53	noble family	8231
P530	diplomatic relation	1084
P531	diplomatic mission sent	0
P532	port of registry	63
P533	target	42
P534	streak color	48
P535	Find a Grave grave ID	18832
P536	ATP ID	2082
P537	twinning	12
P538	fracturing	7
P539	Museofile	759
P54	member of sports team	420509
P541	office contested	3482
P542	officially opened by	152
P543	oath made by	70
P545	torch lit by	49
P546	docking port	9
P547	commemorates	222
P548	version type	0
P549	Mathematics Genealogy Project identifier	5469
P550	chivalric order	4
P551	residence	6098
P552	handedness	730
P553	website account on	2755
P554	website username	0
P555	doubles record	3163
P556	crystal system	2015
P557	DiseasesDB	2811
P558	unit symbol	562
P559	terminus	3752
P560	direction	0
P561	NATO reporting name	441
P562	central bank/issuer	251
P563	ICD-O	347
P564	singles record	3172
P565	crystal habit	6
P566	basionym	1984
P567	underlies	142
P568	overlies	141
P569	date of birth	2092087
P57	director	125621
P570	date of death	1066863
P571	inception	176054
P574	date of taxon name publication	27
P575	time of discovery	51194
P576	dissolved or abolished	17732
P577	publication date	221134
P578	Sandbox-TimeValue	0
P579	IMA status and/or rank	5317
P58	screenwriter	52363
P580	start time	10892
P582	end time	10070
P585	point in time	27179
P586	IPNI author ID	5
P587	MMSI	67
P588	coolant	279
P589	point group	247
P59	constellation	20003
P590	GNIS ID	4640
P591	EC number	266
P592	ChEMBL ID	5372
P593	HomoloGene ID	40244
P594	Ensembl Gene ID	46410
P595	IUPHAR ID	979
P597	WTA ID	1757
P598	commander of	205
P599	ITF ID	4111
P6	head of government	11155
P600	Wine AppDB-ID	29
P604	MedlinePlus ID	1449
P605	NUTS code	1478
P606	first flight	357
P607	conflict	54161
P608	exhibition history	1191
P609	terminus location	1322
P61	discoverer or inventor	60212
P610	highest point	435
P611	religious order	5140
P612	mother house	231
P613	OS grid reference	268
P617	yard number	38
P618	source of energy	178
P619	time of spacecraft launch	5516
P620	time of spacecraft landing	308
P621	time of spacecraft orbit decay	1
P622	spacecraft docking/undocking	3
P624	guidance system	181
P625	coordinate location	2366671
P626	Sandbox-GeoCoordinateValue	1
P627	IUCN-ID	0
P628	E number	505
P629	edition or translation of	2324
P630	Paris city digital code	6288
P631	structural engineer	476
P632	cultural properties of Belarus reference number	56
P633	Répertoire du patrimoine culturel du Québec identifier, Québec cultural heritage directory identifier	357
P634	captain	62
P635	ISTAT ID	8111
P636	route of administration	3060
P637	RefSeq Protein ID	6039
P638	PDB ID	40346
P639	RefSeq RNA ID	312827
P640	Léonore ID	6056
P641	sport	372946
P642	of	58
P644	genomic start	74427
P645	genomic end	74444
P646	Freebase identifier	1156418
P647	drafted by	63
P648	Open Library identifier	27293
P649	NRHP reference number	39119
P65	site of astronomical discovery	45836
P650	RKDartists	33348
P651	Biografisch Portaal number	8955
P652	UNII	11011
P653	PubMed Health	7
P654	direction relative to location	0
P655	translator	608
P656	RefSeq	13
P657	RTECS number	1711
P658	tracklist	1136
P659	GenLoc assembly	2
P66	ancestral home	257
P660	EC classification	1
P661	ChemSpider ID	11557
P662	PubChem ID (CID)	16618
P663	DSM IV	3
P664	organizer	1197
P665	KEGG ID	3998
P667	ICPC 2 ID	4
P668	GeneReviews ID	157
P669	located on street	45625
P670	street number	26
P671	Mouse Genome Informatics ID	49495
P672	MeSH Code	517
P673	eMedicine	2353
P674	characters	5141
P675	Google Books identifier	322
P676	lyrics by	5787
P677	ÚSOP code	2701
P678	incertae sedis	0
P679	ZVG number	801
P680	molecular function	57448
P681	cell component	77358
P682	biological process	176980
P683	ChEBI ID	4317
P684	ortholog	7892
P685	NCBI Taxonomy ID	254078
P686	Gene Ontology ID	16125
P687	BHL Page ID	328
P688	encodes	30780
P689	afflicts	3655
P69	educated at	299830
P690	space group	973
P691	NKC identifier	28517
P692	Gene Atlas Image	31184
P693	cleavage	60
P694	replaced synonym (for nom. nov.)	45
P695	UN number	447
P696	Neurolex ID	14
P697	ex taxon author	0
P698	PubMed ID	11817
P699	Disease Ontology ID	9083
P7	brother	78470
P700	Kemler ID	2
P701	Dodis	30
P702	encoded by	30371
P703	found in taxon	180896
P704	Ensembl Transcript ID	237995
P705	Ensembl Protein ID	52670
P706	located on terrain feature	10590
P707	satellite bus	8
P708	diocese	8589
P709	Historic Scotland ID	41425
P710	participant	16394
P711	Strunz 8th edition (series ID)	4077
P712	Nickel-Strunz 9th edition (updated 2009)	4441
P713	Nickel-Strunz 10th (pending) edition	4510
P714	Dana 8th edition	1522
P715	Drugbank ID	2518
P716	JPL Small-Body Database identifier	91742
P717	Minor Planet Center observatory code	441
P718	Canmore ID	14
P720	asteroid spectral type	370
P721	OKATO identifier	107941
P722	UIC station code	4800
P723	DBNL ID	7848
P724	Internet Archive identifier	2655
P725	voice actor	1655
P726	candidate	408
P727	Europeana ID	75411
P728	GHS hazard statement	178
P729	service entry	4484
P730	service retirement	2024
P731	Litholex ID	19
P732	BGS Lexicon ID	39
P733	DINOloket	7
P734	family name	173029
P735	given name	2142577
P736	cover artist	206
P737	influenced by	1466
P738	(OBSOLETE) influence of	343
P739	ammunition	1762
P740	location of formation	1351
P741	playing hand	2273
P742	pseudonym	2405
P744	asteroid family	125
P745	Low German Bibliography and Biography ID	27
P746	date of disappearance	71
P747	edition(s)	2286
P748	appointed by	357
P749	parent company	2843
P750	distributor	1515
P751	introduced feature	25
P756	removed feature	4
P757	World Heritage Site id	1230
P758	Kulturminne identifier	2142
P759	Alberta Register of Historic Places identifier	53
P760	DPLA ID	3
P761	VISS ID	57335
P762	Czech cultural heritage ID	227
P763	PEI Register of Historic Places identifier	18
P764	OKTMO identifier	113075
P765	surface played on	1009
P767	contributor	1424
P768	electoral district	55
P769	significant drug interaction	1836
P770	cause of destruction	118
P771	Swiss municipality code	2609
P772	INE municipality code	8194
P773	ISO 3166-3	6
P774	FIPS 55-3 (locations in the US)	811
P775	Swedish urban area code	2226
P776	Swedish minor urban area code	456
P777	Swedish civil parish code/ATA code	12
P778	Church of Sweden parish code	1236
P779	Church of Sweden Pastoratskod	19
P78	top-level domain	306
P780	symptoms	5666
P781	Sikart	1537
P782	LAU	6661
P783	hymenium type	951
P784	mushroom cap shape	793
P785	hymenium attachment	855
P786	stipe character	628
P787	spore print color	688
P788	mushroom ecological type	915
P789	edibility	570
P790	approved by	28
P791	ISIL ID	1105
P792	chapter	4
P793	significant event	12240
P794	as	0
P795	distance along	1
P796	geo datum	3
P797	executive authority	8
P798	military designation	902
P799	Air Ministry specification ID	15
P800	notable work	22314
P802	student	4590
P803	professorship	41
P804	GNIS Antarctica ID	141
P805	subject of	430
P806	Italian cadastre code	8095
P807	separated from	44
P808	code Bien de Interés Cultural	2048
P809	WDPA id	2731
P81	connecting line	15744
P811	academic minor	1
P812	academic major	38
P813	retrieved	11
P814	IUCN protected areas category	6765
P815	ITIS TSN	336133
P816	decays to	4876
P817	decay mode	4
P818	arXiv ID	8
P819	ADS bibcode	6
P820	arXiv classification	0
P821	CGNDB Unique Identifier	159
P822	mascot	81
P823	speaker	51
P824	Meteoritical Bulletin Database ID	31
P825	dedicated to	682
P826	tonality	1938
P827	BBC program identifier	101
P828	has cause	950
P829	OEIS ID	132
P830	Encyclopedia of Life ID	1084913
P831	parent club	82
P832	public holiday	329
P833	interchange station	175
P834	train depot	6
P835	author citation (zoology)	91
P836	GSS code (2011)	201
P837	day in year for periodic occurrence	606
P838	BioLib ID	366
P839	IMSLP ID	5651
P84	architect	14989
P840	narrative location	23061
P841	feast day	715
P842	Fossilworks ID	35513
P843	SIRUTA code	16937
P844	UBIGEO code	14
P845	Saskatchewan Register of Heritage Property identifier	34
P846	Global Biodiversity Information Facility ID	1577921
P847	United States Navy aircraft designation	40
P849	Japanese military aircraft designation	1
P85	anthem	549
P850	World Register of Marine Species identifier	219300
P852	ESRB rating	3484
P853	CERO rating	1375
P854	reference URL	2488
P855	Sandbox-URL	0
P856	official website	195263
P857	CNKI	0
P858	ESPN SCRUM ID	3924
P859	sponsor	252
P86	composer	12934
P860	e-archiv.li ID	6
P861	premiershiprugby.com ID	368
P862	Operational Requirement of the UK Air Ministry	4
P863	InPhO identifier	2
P864	ACM Digital Library author identifier	1
P865	BMLO	5527
P866	Perlentaucher ID	8985
P867	ROME Occupation Code (v3)	328
P868	foods traditionally associated	13
P87	librettist	1117
P870	instrumentation	2574
P872	printed by	59
P873	phase point	2
P874	UN class	2
P875	UN code classification	1
P876	UN packaging group	3
P877	NFPA Other	1
P878	avionics	162
P879	pennant number	888
P88	commissioned by	706
P880	CPU	567
P881	type of variable star	32
P882	FIPS 6-4 (US counties)	3296
P883	FIPS 5-2 (code for US states)	129
P884	State Water Register Code (Russia)	30107
P885	origin of the watercourse	278
P886	LIR	252
P887	based on heuristic	3
P888	JSTOR article ID	5
P889	Mathematical Reviews identifier	1
P892	Request for Comments identifier	97
P893	Social Science Research Network ID	0
P894	Zentralblatt MATH	9
P897	United States Army and Air Force aircraft designation	11
P898	IPA	1110
P9	sister	37544
P901	FIPS 10-4 (countries and regions)	4202
P902	HDS	10586
P905	PORT film ID	2936
P906	SELIBR	9862
P907	allgame ID	7
P908	PEGI rating	2934
P909	Nova Scotia Register of Historic Places identifier	32
P91	sexual orientation	3235
P910	topic's main category	377264
P911	South African municipality code	283
P912	has facility	152
P913	notation	66
P914	USK rating	1698
P915	filming location	15583
P916	GSRR rating	9
P917	GRAU index	113
P918	NOC Occupation Code	4
P919	SOC Occupation Code (2010)	69
P92	main regulatory text	285
P920	Spanish subject headings for public libraries	3
P921	main subject	53604
P922	magnetic ordering	1
P923	medical examinations	52
P924	medical treatment	19
P925	presynaptic connection	6
P926	postsynaptic connection	7
P927	anatomical location	19
P928	activating neurotransmitter	12
P929	color space	0
P930	type of electrification	1494
P931	place served by airport	143
P932	PMCID	11813
P933	heritagefoundation.ca ID	20
P935	Commons gallery	8662
P937	work location	43208
P938	FishBase species identifier	32212
P939	KSH code	3178
P94	coat of arms image	56956
P940	GHS precautionary statements	167
P941	inspired by	545
P942	theme music	46
P943	programmer	100
P944	Code of nomenclature	757
P945	allegiance	345
P946	ISIN	2356
P947	RSL identifier (person)	895
P948	Wikivoyage banner	10192
P949	NLI (Israel) identifier	7131
P950	BNE identifier	8708
P951	NSZL identifier	294
P952	ISCO occupation code	157
P953	full text available at	507
P954	IBNR identifier	3372
P957	ISBN-10	11396
P958	section, verse, or paragraph	1
P959	MSW identifier	13584
P960	Tropicos taxon name identifier	321042
P961	IPNI ID, IPNI plant ID	277009
P962	MycoBank taxon name identifier	58754
P963	streaming media URL	45
P964	Austrian municipality key	2445
P965	burial plot reference	46
P966	MusicBrainz label ID	4136
P967	guest of honor	3
P968	e-mail	23
P969	located at street address	289439
P97	noble title	5232
P970	neurological function	1
P971	category combines topics	86538
P972	catalog	863
P973	described at URL	72898
P974	tributary	7096
P98	editor	4716
P980	code for weekend and holiday homes (Sweden)	5
P981	BAG-code for Dutch towns	2505
P982	MusicBrainz area ID	12738
P984	IOC country code	237
P988	Philippine Standard Geographic Code	173
P989	spoken text audio	357
P990	audio recording of the subject's spoken voice	454
P991	successful candidate	6974
P993	NFPA Health	14
P994	NFPA Fire	14
P995	NFPA Reactivity	14
P996	scan file (Commons)	562
P998	dmoz	6761
P999	ARICNS	0
Property	Label	Count
